name,sername,house
เตชน,มิตรสินี,บ้านกริฟฟินดอร์
หทัยพันธน,เปรมวดี,บ้านกริฟฟินดอร์
ธนัชพร,อนวัช,บ้านกริฟฟินดอร์
วิวัฒน์ชัย,ภูริณัฐ,บ้านกริฟฟินดอร์
ยศพัฒน,ปกิตตา,บ้านกริฟฟินดอร์
พนิตอนงค,บุรัสกร,บ้านกริฟฟินดอร์
เธียรวิชญ,ชาติอาชาไนย,บ้านกริฟฟินดอร์
วีรวัฒน,ยศวริศ,บ้านกริฟฟินดอร์
ณัฐวดี,กิตติธรา,บ้านกริฟฟินดอร์
วิวิธวินท,มัณยาภา,บ้านกริฟฟินดอร์
คณพศ,สรวิศ,บ้านกริฟฟินดอร์
ชยุตม,สุภิญญา,บ้านกริฟฟินดอร์
อนันยช,วรรณลภย์,บ้านกริฟฟินดอร์
รณพร,พริสร,บ้านกริฟฟินดอร์
ภรภัทร,นิชดา,บ้านกริฟฟินดอร์
ธนารีย,เจตพล,บ้านกริฟฟินดอร์
จรูญ,ภาสินี,บ้านกริฟฟินดอร์
นิพพิชฌน,เขมิกา,บ้านกริฟฟินดอร์
จักรดุลย,วนศักดิ์,บ้านกริฟฟินดอร์
กฤตพจน,ศุภกิจ,บ้านกริฟฟินดอร์
ภีมวัจน,ปริยกร,บ้านกริฟฟินดอร์
อชิรญา,เผดิมชัย,บ้านกริฟฟินดอร์
ฉันทิต,วรวลัญช์,บ้านกริฟฟินดอร์
เยาวเรศ,สาทริยา,บ้านกริฟฟินดอร์
ชวัลลักษณ,อชิรญาณ์,บ้านกริฟฟินดอร์
จารุนันท,มานิดา,บ้านกริฟฟินดอร์
ฐิติภรณ,กชอร,บ้านกริฟฟินดอร์
กชมน,รชนิกร,บ้านกริฟฟินดอร์
ลัลน์ลลิต,พิชามญชุ์,บ้านกริฟฟินดอร์
อัทธ,พิมพ์ทอง,บ้านกริฟฟินดอร์
วรรณวนัช,เพ็ญพิชชา,บ้านกริฟฟินดอร์
ปิยพัทธ,ญาณศรณ์,บ้านกริฟฟินดอร์
เมธพนธ,ปุษาบุล,บ้านกริฟฟินดอร์
พบพร,ธัญพิสิษฐ์,บ้านกริฟฟินดอร์
คมธรรม,สรัลพร,บ้านกริฟฟินดอร์
ทวีรัชต,จินต์ศุจี,บ้านกริฟฟินดอร์
อนุพนธ,วรวิบูล,บ้านกริฟฟินดอร์
จรัสพงศ,สิปปภาส,บ้านกริฟฟินดอร์
ดารินทร,สันต์ฤทัย,บ้านกริฟฟินดอร์
ชนจันทร,สิทธินี,บ้านกริฟฟินดอร์
ชื่นใจ,อติชาติ,บ้านกริฟฟินดอร์
วรกมล,ปานใจ,บ้านกริฟฟินดอร์
จรรยพร,พิมุกต์,บ้านกริฟฟินดอร์
บัญญพนต,ทัตพิชา,บ้านกริฟฟินดอร์
ก่อฤกษ,ศุภพิชญ์,บ้านกริฟฟินดอร์
ธาดา,ชนิตร์นันท์,บ้านกริฟฟินดอร์
ฉันท์ชนิต,พิมลรัตน์,บ้านกริฟฟินดอร์
ทีฆทัศน,รวิสรา,บ้านกริฟฟินดอร์
ทัศน์พล,จิรนนท์,บ้านกริฟฟินดอร์
ชนาธิป,สุชาดา,บ้านกริฟฟินดอร์
จักรชัย,สิริจรรยา,บ้านกริฟฟินดอร์
หรรษธร,พศิกา,บ้านกริฟฟินดอร์
ดนตร,อาชว์,บ้านกริฟฟินดอร์
ปภินวิทย,จุมพล,บ้านกริฟฟินดอร์
ธีรดนย,ชวรัตน์,บ้านกริฟฟินดอร์
ธมนันท,เจียมจิตร์,บ้านกริฟฟินดอร์
พชรพล,บวรวิชญ์,บ้านกริฟฟินดอร์
นงลักษณ,ฉันทิต,บ้านกริฟฟินดอร์
สมิทธ,ปีย์วรา,บ้านกริฟฟินดอร์
พณณกร,ธฤตญาณ,บ้านกริฟฟินดอร์
ฝนทิพย,ณิชชยา,บ้านกริฟฟินดอร์
อรนลิน,วิศัลย์ศยา,บ้านกริฟฟินดอร์
วิมพ์วิภา,ภิญญามาศ,บ้านกริฟฟินดอร์
ลลิตา,ปภินวิช,บ้านกริฟฟินดอร์
ไววิทย,รมณีย์,บ้านกริฟฟินดอร์
ผริตา,ณัฏฐณิชา,บ้านกริฟฟินดอร์
ธรรมนิตย,ฉันหทัย,บ้านกริฟฟินดอร์
ณัจฉรียา,กฤตนัย,บ้านกริฟฟินดอร์
ตรัณ,อิษฎา,บ้านกริฟฟินดอร์
อติวัณณ,รุจิราพร,บ้านกริฟฟินดอร์
ธีรพิชญ,ชัยพร,บ้านกริฟฟินดอร์
อรรถวิทย,วีริศ,บ้านกริฟฟินดอร์
ณัฐชยาน,สรัลชนา,บ้านกริฟฟินดอร์
ดลพร,อารีวรรณ,บ้านกริฟฟินดอร์
จิตรภาณุ,ศึกษิต,บ้านกริฟฟินดอร์
ชนุดม,สุทัชชา,บ้านกริฟฟินดอร์
นิจวรีย,ทักษพร,บ้านกริฟฟินดอร์
ชุติมณฑน,อธิชนม์,บ้านกริฟฟินดอร์
โยธิน,หัตถพร,บ้านกริฟฟินดอร์
ธวัลกร,เขมนันท์,บ้านกริฟฟินดอร์
เมธพนธ,นิรุชา,บ้านกริฟฟินดอร์
นฤชิต,การัณยภาส,บ้านกริฟฟินดอร์
ฐปนัท,อนันตญา,บ้านกริฟฟินดอร์
ไกรวิชญ,ราชินทร์,บ้านกริฟฟินดอร์
วรปรัชญ,ปิติมน,บ้านกริฟฟินดอร์
พัฒน์นรี,ปณชัย,บ้านกริฟฟินดอร์
นวินดา,กุลปริยา,บ้านกริฟฟินดอร์
ฐิติวัสส,กนกพิชญ์,บ้านกริฟฟินดอร์
ชนาภัทร,สุตนันท์,บ้านกริฟฟินดอร์
รมิตา,บุลกิต,บ้านกริฟฟินดอร์
มนรดา,นิรินธน์,บ้านกริฟฟินดอร์
ปรีณาพรรณ,ชไมพร,บ้านกริฟฟินดอร์
ณหทัย,อรปรียา,บ้านกริฟฟินดอร์
ณัฏฐณิชา,กฤษกร,บ้านกริฟฟินดอร์
ยลรดี,ไปรยา,บ้านกริฟฟินดอร์
กชวรรณ,พจนาถ,บ้านกริฟฟินดอร์
ถิรมน,จิตตวิสุทธิ,บ้านกริฟฟินดอร์
สันต์ภพ,พจณิชา,บ้านกริฟฟินดอร์
ทรงอัปสร,อุปมาพร,บ้านกริฟฟินดอร์
มนพัทธ,ปารเมศ,บ้านกริฟฟินดอร์
จตุรพร,พิมพ์พจี,บ้านกริฟฟินดอร์
นทีบดี,ชาลินี,บ้านกริฟฟินดอร์
ถิรมน,อคิราห์,บ้านกริฟฟินดอร์
ณัชชา,มนสิริ,บ้านกริฟฟินดอร์
จารวี,มนัสนันท์,บ้านกริฟฟินดอร์
ณภัทร,อภิสร,บ้านกริฟฟินดอร์
ฐิตารีย,ศิศิรา,บ้านกริฟฟินดอร์
พักตร์พริ้ง,ปฏิภาณ,บ้านกริฟฟินดอร์
เตชสิทธิ,จรรย์อมล,บ้านกริฟฟินดอร์
ปัณณทัต,ธนิดา,บ้านกริฟฟินดอร์
ดนุสรณ,มนัสพร,บ้านกริฟฟินดอร์
ถิรวิทย,จิตติมา,บ้านกริฟฟินดอร์
ตุลธร,หทัยทัต,บ้านกริฟฟินดอร์
จันทร์จรี,มนชิดา,บ้านกริฟฟินดอร์
มานเมตต,ปุณยภา,บ้านกริฟฟินดอร์
สรัลพร,ผุสดี,บ้านฮัฟเฟิลพัฟ
ธัชธรรม,คมสันต์,บ้านฮัฟเฟิลพัฟ
นัธทวัฒน,ฐิติมน,บ้านฮัฟเฟิลพัฟ
ขนบพร,ศุภิสรา,บ้านฮัฟเฟิลพัฟ
นันทิกานต,วทัญญา,บ้านฮัฟเฟิลพัฟ
ธรณ์เทพ,ฉันชนก,บ้านฮัฟเฟิลพัฟ
ภัทรกันย,ประวัณ,บ้านฮัฟเฟิลพัฟ
ฤทธิธรรม,ปภาวรินท์,บ้านฮัฟเฟิลพัฟ
รมณ,ปธานิน,บ้านฮัฟเฟิลพัฟ
วิมลรัตน,ภีมพล,บ้านฮัฟเฟิลพัฟ
นลินญา,ลาภิศ,บ้านฮัฟเฟิลพัฟ
จริญญา,ภาคิน,บ้านฮัฟเฟิลพัฟ
อัครชัย,พิธาน,บ้านฮัฟเฟิลพัฟ
ฐานพัฒน,อนุศิษฎ์,บ้านฮัฟเฟิลพัฟ
อรณัญช,พิชชาชาญ,บ้านฮัฟเฟิลพัฟ
ศรัณพร,ปารวี,บ้านฮัฟเฟิลพัฟ
บงกช,ณิชมน,บ้านฮัฟเฟิลพัฟ
ฉันทัช,พิมพ์ธิดา,บ้านฮัฟเฟิลพัฟ
โยษิตา,อชิระ,บ้านฮัฟเฟิลพัฟ
ธาม,ชนินาถ,บ้านฮัฟเฟิลพัฟ
ธวัฒน,เก็จมณี,บ้านฮัฟเฟิลพัฟ
ธัญวรัตน,ชนัต,บ้านฮัฟเฟิลพัฟ
ชยาวุธ,สุภานี,บ้านฮัฟเฟิลพัฟ
ปกรณ์เกียรติ,จารีย์,บ้านฮัฟเฟิลพัฟ
ขจีเนตร,พนัชกร,บ้านฮัฟเฟิลพัฟ
ทักษ์ดนัย,อุไรอร,บ้านฮัฟเฟิลพัฟ
ณัชพล,อรอมล,บ้านฮัฟเฟิลพัฟ
บุณยวีร,ธนบดี,บ้านฮัฟเฟิลพัฟ
บวรพจน,ทัตสรวง,บ้านฮัฟเฟิลพัฟ
ชวกร,หิรัญ,บ้านฮัฟเฟิลพัฟ
ณัฏฐกิตติ,สรวรรณ,บ้านฮัฟเฟิลพัฟ
นนท์ปวิธ,ชุติกา,บ้านฮัฟเฟิลพัฟ
ดารินทร,กุศลพร,บ้านฮัฟเฟิลพัฟ
ธัญญรัตน,คุณานนต์,บ้านฮัฟเฟิลพัฟ
ธรรมปพน,ชญานิศ,บ้านฮัฟเฟิลพัฟ
วรปรัชญ,พีรยา,บ้านฮัฟเฟิลพัฟ
ทัตพงศ,อโรชา,บ้านฮัฟเฟิลพัฟ
เตชินท,จริญญา,บ้านฮัฟเฟิลพัฟ
อรกานต,วิภาพร,บ้านฮัฟเฟิลพัฟ
รัตนพล,พัชรางค์,บ้านฮัฟเฟิลพัฟ
บวรพจน,ติณณา,บ้านฮัฟเฟิลพัฟ
คมสันต,สัณหพร,บ้านฮัฟเฟิลพัฟ
พนธกร,บุญญิสา,บ้านฮัฟเฟิลพัฟ
พรรณรมณ,ธินิดา,บ้านฮัฟเฟิลพัฟ
จรรยมณฑน,สัภยา,บ้านฮัฟเฟิลพัฟ
อนุวรรธน,วรัชยา,บ้านฮัฟเฟิลพัฟ
ณัฐนิช,กานต์พิชชา,บ้านฮัฟเฟิลพัฟ
ภวรัญชน,ประภาสิริ,บ้านฮัฟเฟิลพัฟ
ทยุต,รติมา,บ้านฮัฟเฟิลพัฟ
ยศธนะ,วรวิบูล,บ้านฮัฟเฟิลพัฟ
อนันตชัย,พาทิศ,บ้านฮัฟเฟิลพัฟ
ทิพย์รัตน,อติรุจ,บ้านฮัฟเฟิลพัฟ
จิรพัฒน,ศุภกานต์,บ้านฮัฟเฟิลพัฟ
นนทรมย,ชนิกานต์,บ้านฮัฟเฟิลพัฟ
ชนันธร,สุวพิชญ์,บ้านฮัฟเฟิลพัฟ
เจตนิพัทธ,สุพิชญา,บ้านฮัฟเฟิลพัฟ
เด่นภูมิ,ขจรจิต,บ้านฮัฟเฟิลพัฟ
ณัฐปพน,อรุช,บ้านฮัฟเฟิลพัฟ
รจิตพิชญ,พรลภัส,บ้านฮัฟเฟิลพัฟ
ปรมาภรณ,ธนัญญา,บ้านฮัฟเฟิลพัฟ
พจณิชา,ธุวานันท์,บ้านฮัฟเฟิลพัฟ
ทัตพิชา,อดิวรรณ,บ้านฮัฟเฟิลพัฟ
ญาณัฐ,ภัทรธิดา,บ้านฮัฟเฟิลพัฟ
อภินัทธ,วรัสยา,บ้านฮัฟเฟิลพัฟ
เหมวิทย,ผลิขวัญ,บ้านฮัฟเฟิลพัฟ
คณิน,พรสุนีต์,บ้านฮัฟเฟิลพัฟ
ฝนแก้ว,ธมนันท์,บ้านฮัฟเฟิลพัฟ
ไชยวัฒน,อธิป,บ้านฮัฟเฟิลพัฟ
ธันยมัย,จิตติพัฒน์,บ้านฮัฟเฟิลพัฟ
ณฐิตา,กรรวี,บ้านฮัฟเฟิลพัฟ
อติกานต,รุจิภาส,บ้านฮัฟเฟิลพัฟ
ทักษพร,อุษมา,บ้านฮัฟเฟิลพัฟ
อธิวัฒน,ลาภิศ,บ้านฮัฟเฟิลพัฟ
ภพนิพิฐ,ปภาวิชญ์,บ้านฮัฟเฟิลพัฟ
เจตปรียา,วรนิษฐา,บ้านฮัฟเฟิลพัฟ
อนวัทย,วรพงศ์,บ้านฮัฟเฟิลพัฟ
ธนทรัพย,จุรีพร,บ้านฮัฟเฟิลพัฟ
มนต์ธัช,บัญญพนต์,บ้านฮัฟเฟิลพัฟ
นนทัช,ชนิศา,บ้านฮัฟเฟิลพัฟ
ธนชัย,จีรนาถ,บ้านฮัฟเฟิลพัฟ
ธัญธร,กรชวัล,บ้านฮัฟเฟิลพัฟ
ขวัญจิรา,รุจ,บ้านฮัฟเฟิลพัฟ
ก้องภพ,ศุภสัณห์,บ้านฮัฟเฟิลพัฟ
จรัสรวี,ภคนันท์,บ้านฮัฟเฟิลพัฟ
นันทนัช,ณัฏฐกิตติ์,บ้านฮัฟเฟิลพัฟ
ภิญญาพัชญ,นภัสร,บ้านฮัฟเฟิลพัฟ
วีรินทร,รจเรข,บ้านฮัฟเฟิลพัฟ
ณฐพร,กมลนิตย์,บ้านฮัฟเฟิลพัฟ
สพล,ผนึกสิน,บ้านฮัฟเฟิลพัฟ
อธิปัตย,รมย์รุจี,บ้านฮัฟเฟิลพัฟ
ยชญ,บุณพจน์,บ้านฮัฟเฟิลพัฟ
อนรรฆวี,วรกมล,บ้านฮัฟเฟิลพัฟ
อนันตพร,วรภา,บ้านฮัฟเฟิลพัฟ
ยลรดี,นิศมา,บ้านฮัฟเฟิลพัฟ
ดนุนันท,สังสิต,บ้านฮัฟเฟิลพัฟ
วนัชพร,ปริยาภัทร,บ้านฮัฟเฟิลพัฟ
วรดนัย,พิศลยา,บ้านฮัฟเฟิลพัฟ
พชรดนัย,บวรภัค,บ้านฮัฟเฟิลพัฟ
ชนวีร,พีรชยา,บ้านฮัฟเฟิลพัฟ
นรเศรษฐ,ถิรพุทธิ์,บ้านฮัฟเฟิลพัฟ
ปกรณ,ทิพานัน,บ้านฮัฟเฟิลพัฟ
ชยณัฐ,สุธีมนต์,บ้านฮัฟเฟิลพัฟ
ปณชัย,ทีปต์,บ้านฮัฟเฟิลพัฟ
ณัฐพัชร,กิจจาพร,บ้านฮัฟเฟิลพัฟ
ธงชัย,รสนันท์,บ้านฮัฟเฟิลพัฟ
ฐิตา,ภาพิต,บ้านฮัฟเฟิลพัฟ
ภพธร,นันทิมา,บ้านฮัฟเฟิลพัฟ
ณิขนันทน,สวิตต์,บ้านฮัฟเฟิลพัฟ
ญาณพัฒน,ศิรชัช,บ้านฮัฟเฟิลพัฟ
วัณณุวรรธน,ภรณี,บ้านฮัฟเฟิลพัฟ
จุมพล,ศุภานิช,บ้านฮัฟเฟิลพัฟ
วรวลัญช,ปุณณัตถ์,บ้านฮัฟเฟิลพัฟ
ทัตสรวง,กชมน,บ้านฮัฟเฟิลพัฟ
ธรรมสรณ,กิตติกา,บ้านฮัฟเฟิลพัฟ
ปัทมวรรณ,ธมนต์,บ้านฮัฟเฟิลพัฟ
ฐิติวัฒน,โศศิษฐา,บ้านเรเวนคลอ
ชัยยศ,อภิญญา,บ้านเรเวนคลอ
นลพรรณ,ฐิติกานต์,บ้านเรเวนคลอ
จารุพิชญ์,,บ้านเรเวนคลอ
วรรณลภย,ปุญญิสา,บ้านเรเวนคลอ
ชนิตสิรี,เฟื่องรัตน์,บ้านเรเวนคลอ
ฐปนนท,อภิวิชญ์,บ้านเรเวนคลอ
จริยา,ภาณิน,บ้านเรเวนคลอ
ผดุงเดช,ฐากูร,บ้านเรเวนคลอ
ชยณัฐ,เสาวภาคย์,บ้านเรเวนคลอ
กรทักษ,พชรพล,บ้านเรเวนคลอ
ชนสรณ,สุพิชฌาย์,บ้านเรเวนคลอ
พลัฎฐ,นนทพัทธ์,บ้านเรเวนคลอ
ภิญญาพัชญ,ปริชญ์,บ้านเรเวนคลอ
มนัสนันท,บุญญฤทธิ์,บ้านเรเวนคลอ
ยศพัฒน,บุญนิสา,บ้านเรเวนคลอ
ฐิติชญา,อิทธิมนต์,บ้านเรเวนคลอ
ทัตพิชา,จิรกิตติ์,บ้านเรเวนคลอ
อภิวรรธน,วรุณยุพา,บ้านเรเวนคลอ
ชวินทร,โสภิต,บ้านเรเวนคลอ
คุณภัทร,เลิศวรรธน์,บ้านเรเวนคลอ
นพรดา,โชติกา,บ้านเรเวนคลอ
ประณยา,ชญาภา,บ้านเรเวนคลอ
อนัญพร,พัณณิตา,บ้านเรเวนคลอ
รัฏฐพิชญ,ปพิชญา,บ้านเรเวนคลอ
ฐานนันท,ศิวกร,บ้านเรเวนคลอ
ดรัณภพ,สัณฐิติ,บ้านเรเวนคลอ
ตรีทิพยนิภา,ขจิตพร,บ้านเรเวนคลอ
มนต์ณัฏ,นิพาดา,บ้านเรเวนคลอ
อนพัช,วชิรญาณ์,บ้านเรเวนคลอ
พรกรัณย,ธิติมา,บ้านเรเวนคลอ
มัทนพร,บุญสิตา,บ้านเรเวนคลอ
พชร,นพรุจ,บ้านเรเวนคลอ
อรชพร,วิรชา,บ้านเรเวนคลอ
ฐปนัท,อภิษฎา,บ้านเรเวนคลอ
ธวัลหทัย,คณาธิป,บ้านเรเวนคลอ
วงศ์วรรธน,ปาณัสม์,บ้านเรเวนคลอ
เกวลิน,รวินันท์,บ้านเรเวนคลอ
ปภัสสร,เทพทัต,บ้านเรเวนคลอ
ฐิรญา,กมลกานต์,บ้านเรเวนคลอ
คณนาถ,ลักษณ์นารา,บ้านเรเวนคลอ
อนุตตรีย,วรรณิศา,บ้านเรเวนคลอ
อรรจน,วีรลักษณ์,บ้านเรเวนคลอ
สลิลทิพย,เปมทัต,บ้านเรเวนคลอ
ชญานิษฐ,สาธิดา,บ้านเรเวนคลอ
คณิฏฐา,พรภวิษย์,บ้านเรเวนคลอ
จรัสทิพย,พุฒินาท,บ้านเรเวนคลอ
พรกรัณย,บุลภรณ์,บ้านเรเวนคลอ
รติบดี,พสิษฐ์,บ้านเรเวนคลอ
นฤรงค,ฐานพัฒน์,บ้านเรเวนคลอ
ญาณวุฒิ,อธิพันธ์,บ้านเรเวนคลอ
ทัศน์พล,กฤตชญา,บ้านเรเวนคลอ
ธรณ์ธันย,กันต์ศม,บ้านเรเวนคลอ
ชีวาพร,อติคุณ,บ้านเรเวนคลอ
ตีรณา,ขวัญชัย,บ้านเรเวนคลอ
มณฑกาญจน,ปองภพ,บ้านเรเวนคลอ
ศตนันท,ปุณมนัส,บ้านเรเวนคลอ
ยชนา,วรนาถ,บ้านเรเวนคลอ
ลักษณพร,ปสุตา,บ้านเรเวนคลอ
ดรณ,มนัสวี,บ้านเรเวนคลอ
ฉันทพัฒน,สุกัลย์,บ้านเรเวนคลอ
หฤษฎ,พศิน,บ้านเรเวนคลอ
สกลวรรธน,เปมิศา,บ้านเรเวนคลอ
ชยพล,สุนิดา,บ้านเรเวนคลอ
ยศพนธ,เบญญาภา,บ้านเรเวนคลอ
เขมินทร,รุ่งรวิน,บ้านเรเวนคลอ
ธนวิชญ,อธิติยา,บ้านเรเวนคลอ
ถาวรีย,จันจิมา,บ้านเรเวนคลอ
อธิพันธ,ลักขิกา,บ้านเรเวนคลอ
ชรินทร์ทิพย,ศวรรยา,บ้านเรเวนคลอ
ณัฏฐชัย,กฤติพงศ์,บ้านเรเวนคลอ
ชนิตพล,สุทธิพจน์,บ้านเรเวนคลอ
ชญานนท,สันต์ภพ,บ้านเรเวนคลอ
ลัทธพรรณ,พิชญาภา,บ้านเรเวนคลอ
อวัช,แวววิไล,บ้านเรเวนคลอ
ภูริณัฐ,วีณวัช,บ้านเรเวนคลอ
นิพิฐพนธ,คณิศร,บ้านเรเวนคลอ
วชิรวิทย,พิรัชย์,บ้านเรเวนคลอ
ประณัย,ธยานี,บ้านเรเวนคลอ
พัชรพรรณ,นภัส,บ้านเรเวนคลอ
ธัญพิสิษฐ,ชญาภา,บ้านเรเวนคลอ
จิณณทัต,เมธาสิทธิ์,บ้านเรเวนคลอ
ญาณิน,อนพัช,บ้านเรเวนคลอ
ภูมิพัฒน,นราวดี,บ้านเรเวนคลอ
ผรัณชัย,ธนโชติ,บ้านเรเวนคลอ
ฉันหทัย,สุณัฏฐา,บ้านเรเวนคลอ
กมลพรรณ,ศิรัญญา,บ้านเรเวนคลอ
จอมเดช,ภูดิส,บ้านเรเวนคลอ
นภัสรพี,เตชินี,บ้านเรเวนคลอ
ณฐพงศ,อภิสมย์,บ้านเรเวนคลอ
จันทภา,ภูมิพัฒน์,บ้านเรเวนคลอ
ชลิตวรรณ,สุมานัส,บ้านเรเวนคลอ
ชนกันต,วัชสัณห์,บ้านเรเวนคลอ
ยศวร,ปฏิพน,บ้านเรเวนคลอ
ลัทธพล,ประกายจิต,บ้านเรเวนคลอ
จอมขวัญ,,บ้านเรเวนคลอ
ถลัชนันท,อุกฤษฎ์,บ้านเรเวนคลอ
ปรเมศวร,ธรรมรัตน์,บ้านเรเวนคลอ
เกริกวิทย,รตินันท์,บ้านเรเวนคลอ
ชนิตพล,ศราวิน,บ้านเรเวนคลอ
ฉันทพัฒน,สัณหพจน์,บ้านเรเวนคลอ
ธีร์วรา,กรณิศ,บ้านเรเวนคลอ
หทัยพันธน,พฤทธิ์,บ้านเรเวนคลอ
นนทิวรรธน,ชินบุตร,บ้านเรเวนคลอ
นนท์ปวิธ,กรองขวัญ,บ้านเรเวนคลอ
ลัทธพรรณ,ปาณัท,บ้านเรเวนคลอ
ธนิวรรณ,เจริญศรี,บ้านเรเวนคลอ
ณัฐพงศ,อวัช,บ้านเรเวนคลอ
กรชวัล,ศิวกร,บ้านเรเวนคลอ
นรกมล,กัญญาวีร์,บ้านเรเวนคลอ
จิณณ,ศักดิธัช,บ้านเรเวนคลอ
ล้อมเดช,พิพรรษพร,บ้านเรเวนคลอ
นนทพัทธ,ชนกันต์,บ้านเรเวนคลอ
ปรวีร,ธนาดุล,บ้านเรเวนคลอ
เตชภณ,หรรษกานต์,บ้านเรเวนคลอ
ณัฐชนน,กัญญ์วรา,บ้านสลิธีรีน
ณัชชนม,กฤตศิลป์,บ้านสลิธีรีน
ภาณุวิชญ,ประไณย,บ้านสลิธีรีน
ธนาวรรณ,รุจิราพร,บ้านสลิธีรีน
วชิรวิทย,ปรัตถ์,บ้านสลิธีรีน
มกรธวัช,นิฏฐา,บ้านสลิธีรีน
จิรเมธ,ศุภกิตติ์,บ้านสลิธีรีน
นรรัตน,ฐปนนท์,บ้านสลิธีรีน
ชนมน,วิชญ์,บ้านสลิธีรีน
วรัชยา,ภคพร,บ้านสลิธีรีน
ปรมัตถ,ธนศักดิ์,บ้านสลิธีรีน
อนงค์รตี,เลิศพิสิฐ,บ้านสลิธีรีน
สัณหณัฐ,พงศ์กฤต,บ้านสลิธีรีน
จิตติพัฒน,วรนน,บ้านสลิธีรีน
ปูริดา,ญาณากร,บ้านสลิธีรีน
ชนิตร์นันท,สุทมาตม์,บ้านสลิธีรีน
อริย์ธัช,วุฒิพร,บ้านสลิธีรีน
ณิชาภัทร,กุลชา,บ้านสลิธีรีน
ฐีรวัฒน,สถิตคุณ,บ้านสลิธีรีน
ณัฐชยาน,กันยรัตน์,บ้านสลิธีรีน
พลพจน,ธีธัช,บ้านสลิธีรีน
อดิกันต,รุจยา,บ้านสลิธีรีน
ชนัญชิดา,สุจิณณา,บ้านสลิธีรีน
ธมลวรรณ,กชพรรณ,บ้านสลิธีรีน
ณัฏฐวี,กวินทิพย์,บ้านสลิธีรีน
ญาณิดา,ศิรดา,บ้านสลิธีรีน
พัทธดนย,นฤนาถ,บ้านสลิธีรีน
วิชชาพร,ภัคจิรา,บ้านสลิธีรีน
ภัควลัญชญ,นิชนันท์,บ้านสลิธีรีน
ตุลยดา,จรรยพร,บ้านสลิธีรีน
ชยานันท,สุภนิดา,บ้านสลิธีรีน
จีรนันท,ศุภสัณห์,บ้านสลิธีรีน
ฐิตวัฒน,อัจจิมา,บ้านสลิธีรีน
ยิ่งคุณ,พงศ์ภรณ์,บ้านสลิธีรีน
ครองขวัญ,ลัทธวรรณ,บ้านสลิธีรีน
ชนัดพล,สุภิญญา,บ้านสลิธีรีน
ธนชัย,กฤตภาส,บ้านสลิธีรีน
คุณานนท,วณิชชา,บ้านสลิธีรีน
ญาณิศา,ภัทรศยา,บ้านสลิธีรีน
อมลณัฐ,วสิพร,บ้านสลิธีรีน
ฐิติวรดา,กนกกาญจน์,บ้านสลิธีรีน
ชยันต,หฤษฎ์,บ้านสลิธีรีน
ฉัตรฤดี,สัณฐิติ,บ้านสลิธีรีน
ญาณศรณ,อนณ,บ้านสลิธีรีน
เดชาธร,ไกรเลิศ,บ้านสลิธีรีน
ณัฐพัชร,อังศุชวาล,บ้านสลิธีรีน
กนต์ธร,ศรัณพร,บ้านสลิธีรีน
ทีปต,จิราพัชร,บ้านสลิธีรีน
พัสกร,นฤมิต,บ้านสลิธีรีน
อธิพันธ,พงศพัศ,บ้านสลิธีรีน
จารุพิชญ,มานเมตต์,บ้านสลิธีรีน
ณพิชญ,กรองขวัญ,บ้านสลิธีรีน
ปพนธีร,จีรภา,บ้านสลิธีรีน
ธิติสรณ,ชยุตรา,บ้านสลิธีรีน
กมลนัทธ,ศรีวิไล,บ้านสลิธีรีน
อรพิชญ,วิโรษณา,บ้านสลิธีรีน
อมลรดา,วิญญู,บ้านสลิธีรีน
นพัตธร,ชัญญานุช,บ้านสลิธีรีน
วิธวิทย,ภัณฑิรา,บ้านสลิธีรีน
บุณยวีย,คุณากร,บ้านสลิธีรีน
ชวัลวิทย,สุเมธ,บ้านสลิธีรีน
ทัตธน,อชิระ,บ้านสลิธีรีน
จรณ,สัณหรส,บ้านสลิธีรีน
ผริตา,ธัญชนก,บ้านสลิธีรีน
จิรทีปต,ศุทธินี,บ้านสลิธีรีน
ธนัฏฐา,เจตนิพัทธ์,บ้านสลิธีรีน
ทินภัทร,อดิศร,บ้านสลิธีรีน
ไรวินท,พาณิภัค,บ้านสลิธีรีน
เผดิมชัย,ธีรนันท์,บ้านสลิธีรีน
ธยศ,กัณฑ์อเนก,บ้านสลิธีรีน
เชิญขวัญ,ศาสวัต,บ้านสลิธีรีน
นภัสกร,ญานิศา,บ้านสลิธีรีน
เทพทัต,จิรายุ,บ้านสลิธีรีน
ชนม์นิภา,สิทธิศักดิ์,บ้านสลิธีรีน
นพนันท,ชโนทัย,บ้านสลิธีรีน
ฐิติวุฒิ,มนรดา,บ้านสลิธีรีน
ฐิตินันท,อเนชา,บ้านสลิธีรีน
ขวัญหทัย,สรรเพชญ,บ้านสลิธีรีน
กัญจน์อมล,ศุภชีพ,บ้านสลิธีรีน
พลวรรธน,เบญญาภา,บ้านสลิธีรีน
อรกช,พิจักขณา,บ้านสลิธีรีน
ธรรมปพน,กมลพร,บ้านสลิธีรีน
ฐานิฏฐ,อัคคเดช,บ้านสลิธีรีน
พลวัต,ธเนศ,บ้านสลิธีรีน
ศริตวรรธน,ปาลิดา,บ้านสลิธีรีน
อชิรญา,รวิภาส,บ้านสลิธีรีน
ชวัลกร,อจลา,บ้านสลิธีรีน
ธมน,กฤติพงศ์,บ้านสลิธีรีน
นันท์นพิน,ทยากร,บ้านสลิธีรีน
ปวัตน,ธนัฏฐา,บ้านสลิธีรีน
ติชิลา,มยุรฉัตร,บ้านสลิธีรีน
ถิรเจตน,จินดารัตน์,บ้านสลิธีรีน
ภคนันท,นันทภพ,บ้านสลิธีรีน
ณัชชนม,สรณ์สิริ,บ้านสลิธีรีน
ธีธัช,ชลิตา,บ้านสลิธีรีน
รชานนท,พรหมพิริยะ,บ้านสลิธีรีน
พงศกร,ธฤต,บ้านสลิธีรีน
พรลภัส,ธิษณามดี,บ้านสลิธีรีน
ศรัณย์ภัทร,เปมทัต,บ้านสลิธีรีน
อติวิชญ,รุ่งวิกรัย,บ้านสลิธีรีน
ณัฏฐพรรณ,อริสา,บ้านสลิธีรีน
ติณณภพ,ขจีเนตร,บ้านสลิธีรีน
เบญญาภา,จรณบูรณ์,บ้านสลิธีรีน
ฉันชนก,วรรณธัช,บ้านสลิธีรีน
นิจจารีย,ขวัญชัย,บ้านสลิธีรีน
นรวิชญ,ถิรดา,บ้านสลิธีรีน
จารุนันท,พศวัต,บ้านสลิธีรีน
บรรณสรณ,ดนุนันท์,บ้านสลิธีรีน
จิรกิตติ,พิชชานันท์,บ้านสลิธีรีน
ณัฐภูมินทร,สริตา,บ้านสลิธีรีน
ฉันท์สินี,สันต์ทศน์,บ้านสลิธีรีน
ดิษย,แก้วขวัญ,บ้านสลิธีรีน
เตวิช,หาญชัย,บ้านสลิธีรีน
ถิรคุณ,หิรัญ,บ้านสลิธีรีน
ขวัญชัย,พรประภา,บ้านสลิธีรีน
ชัญญานุช,อดิศา,บ้านกริฟฟินดอร์
